{
  "cohort": "lusc",
  "n_patients_evaluated": 61,
  "n_reconstructions": 244,
  "generator_temperature": 0.0,
  "modality_variance_train": {
    "clinical": 0.15629225109207923,
    "transcriptomics": 5.181568937959446,
    "wsi": 0.44856671900714445,
    "methylation": 0.08413774852864732
  },
  "reconstruction": {
    "per_modality": {
      "clinical": {
        "n_samples": 61,
        "cosine_similarity": {
          "mean": 0.342734356196032,
          "std": 0.17071102175175618,
          "median": 0.35726512836122526
        },
        "mse": {
          "mean": 0.14921481235222714,
          "std": 0.11747818432389062,
          "median": 0.12485727716669322
        },
        "normalized_mse": {
          "mean": 0.9547166370028004,
          "std": 0.7516571263323772,
          "median": 0.7988705536855685
        }
      },
      "transcriptomics": {
        "n_samples": 61,
        "cosine_similarity": {
          "mean": 0.998899308803317,
          "std": 0.0005523326483340975,
          "median": 0.9990278505950246
        },
        "mse": {
          "mean": 0.492999154126917,
          "std": 0.5436300095289917,
          "median": 0.28466760802052266
        },
        "normalized_mse": {
          "mean": 0.09514476407237867,
          "std": 0.10491610090265029,
          "median": 0.054938496704171544
        }
      },
      "wsi": {
        "n_samples": 61,
        "cosine_similarity": {
          "mean": 0.632935968489622,
          "std": 0.1383976132618743,
          "median": 0.652404398416017
        },
        "mse": {
          "mean": 0.2752398142424824,
          "std": 0.12446507939022523,
          "median": 0.2568612350601549
        },
        "normalized_mse": {
          "mean": 0.613598384765809,
          "std": 0.2774728354027594,
          "median": 0.5726265997368026
        }
      },
      "methylation": {
        "n_samples": 61,
        "cosine_similarity": {
          "mean": 0.9884805424051563,
          "std": 0.005917015149274074,
          "median": 0.9900347853058737
        },
        "mse": {
          "mean": 0.006896004046220408,
          "std": 0.0035170558876602047,
          "median": 0.005700159908931513
        },
        "normalized_mse": {
          "mean": 0.08196088161156878,
          "std": 0.041801164746673884,
          "median": 0.06774794915020475
        }
      }
    },
    "overall": {
      "n_samples": 244,
      "cosine_similarity": {
        "mean": 0.7407625439735319,
        "std": 0.29453910565269503,
        "median": 0.9004688068537541
      },
      "mse": {
        "mean": 0.23108744619196175,
        "std": 0.3349869884105617,
        "median": 0.15887047251087444
      },
      "normalized_mse": {
        "mean": 0.43635516686313924,
        "std": 0.5456683559115675,
        "median": 0.26623341177916227
      }
    }
  },
  "verifier_validation": {
    "n_paired": 244,
    "pearson_r_cos": -0.017769636742346797,
    "spearman_r_cos": 0.0030482138210475443,
    "pearson_r_neg_mse": -0.16236938423180783
  },
  "timestamp": "2026-05-21T10:59:52.784631+00:00"
}