{
  "cohort": "luad",
  "n_patients_evaluated": 74,
  "n_reconstructions": 296,
  "generator_temperature": 0.0,
  "modality_variance_train": {
    "clinical": 0.1579228067786748,
    "transcriptomics": 5.094636782477841,
    "wsi": 0.49803114524350617,
    "methylation": 0.07425317949751155
  },
  "reconstruction": {
    "per_modality": {
      "clinical": {
        "n_samples": 74,
        "cosine_similarity": {
          "mean": 0.3429685423395153,
          "std": 0.19072175462009125,
          "median": 0.37043199398391613
        },
        "mse": {
          "mean": 0.15306135180190097,
          "std": 0.06966228671523073,
          "median": 0.13808565701737058
        },
        "normalized_mse": {
          "mean": 0.9692162577658144,
          "std": 0.4411160625637869,
          "median": 0.8743870491796315
        }
      },
      "transcriptomics": {
        "n_samples": 74,
        "cosine_similarity": {
          "mean": 0.9988642319116431,
          "std": 0.0005479294491114667,
          "median": 0.9990167891307009
        },
        "mse": {
          "mean": 0.509600871729386,
          "std": 0.43184483736180157,
          "median": 0.395566468021495
        },
        "normalized_mse": {
          "mean": 0.10002692900150874,
          "std": 0.08476459771323841,
          "median": 0.07764370354761704
        }
      },
      "wsi": {
        "n_samples": 74,
        "cosine_similarity": {
          "mean": 0.6405871870677868,
          "std": 0.1178067379486136,
          "median": 0.6641806919288815
        },
        "mse": {
          "mean": 0.29530443645600246,
          "std": 0.11378152899616702,
          "median": 0.2681535467291595
        },
        "normalized_mse": {
          "mean": 0.5929437130113963,
          "std": 0.22846267765148492,
          "median": 0.5384272636163128
        }
      },
      "methylation": {
        "n_samples": 74,
        "cosine_similarity": {
          "mean": 0.9896318095338238,
          "std": 0.006056081458759478,
          "median": 0.991938522647996
        },
        "mse": {
          "mean": 0.006156373246398486,
          "std": 0.0034066860593369936,
          "median": 0.004845923848055274
        },
        "normalized_mse": {
          "mean": 0.08291056744047984,
          "std": 0.04587932910605077,
          "median": 0.0652621730254349
        }
      }
    },
    "overall": {
      "n_samples": 296,
      "cosine_similarity": {
        "mean": 0.7430129427131923,
        "std": 0.29478475099178714,
        "median": 0.9101638140749173
      },
      "mse": {
        "mean": 0.241030758308422,
        "std": 0.291835084608726,
        "median": 0.18498669922613842
      },
      "normalized_mse": {
        "mean": 0.4362743668047998,
        "std": 0.4477213533015329,
        "median": 0.261828141018933
      }
    }
  },
  "verifier_validation": {
    "n_paired": 296,
    "pearson_r_cos": 0.09509454596653368,
    "spearman_r_cos": 0.11587334638182095,
    "pearson_r_neg_mse": -0.1781009371259654
  },
  "timestamp": "2026-05-21T12:34:45.663666+00:00"
}